Lat,Long
45.202300,-123.967150
45.199757,-123.978350
45.198083,-123.985483
45.197908,-123.986117
45.197020,-123.989340
45.189525,-124.020173
45.188458,-124.029637
45.187732,-124.052522
45.187125,-124.079977
45.182043,-124.127100
45.181828,-124.130367
45.179773,-124.161678
45.179748,-124.162072
45.172922,-124.266095
45.172920,-124.267513
45.172883,-124.290150
45.171987,-124.328410
45.170973,-124.341500
45.170085,-124.353777
45.169060,-124.365307
45.167955,-124.375508
45.167678,-124.378760
45.167328,-124.383005
45.161887,-124.444705
45.156647,-124.470200
45.147898,-124.531085
45.147978,-124.571152
45.148002,-124.583348
45.155970,-124.631900
45.163320,-124.653870
45.170278,-124.671967
45.180408,-124.693703
45.186205,-124.706823
45.190840,-124.724468
45.192487,-124.735405
45.193572,-124.745380
45.192420,-124.764015
45.187645,-124.782215
45.180753,-124.798280
45.170353,-124.814480
45.155740,-124.832632
45.140052,-124.861012
45.132842,-124.882160
45.129680,-124.904553
45.130622,-124.929812
45.134252,-124.947635
45.138718,-124.966480
45.147617,-125.000717
45.150883,-125.039878
45.150925,-125.040808
45.150832,-125.049950
45.150677,-125.064755
45.150503,-125.081280
45.150182,-125.092930
45.149857,-125.098307
45.148713,-125.115770
45.147987,-125.126650
45.140180,-125.243490
45.138837,-125.260802
45.137950,-125.266180
45.133498,-125.283278
45.121715,-125.323970
45.110332,-125.364252
45.105615,-125.380937
45.098643,-125.409743
45.094523,-125.421315
45.091428,-125.427872
45.084553,-125.439142
45.076955,-125.449393
45.054103,-125.479223
45.031160,-125.512313
45.021835,-125.523715
45.015638,-125.530000
45.004548,-125.539092
44.987265,-125.550107
44.946440,-125.574168
44.916832,-125.592390
44.901703,-125.599720
44.894830,-125.602450
44.869700,-125.610328
44.806692,-125.627678
44.790223,-125.633057
44.770788,-125.638618
44.758992,-125.640237
44.751473,-125.640402
44.738175,-125.639322
44.669900,-125.626603
44.646127,-125.622467
44.633883,-125.618693
44.624395,-125.614360
44.612565,-125.607212
44.591938,-125.591803
44.572773,-125.576612
44.542165,-125.553347
44.533213,-125.544697
44.526147,-125.536077
44.518050,-125.523598
44.515268,-125.518650
44.515068,-125.518245
44.512728,-125.513495
44.503188,-125.494137
44.481687,-125.448600
44.478065,-125.441172
44.476602,-125.436920
44.476420,-125.433858
44.477005,-125.430058
44.478505,-125.426805
44.480575,-125.423932
44.481837,-125.421223
44.483707,-125.418991
44.484924,-125.417694
44.486667,-125.415971
44.488152,-125.414496
44.492170,-125.411201
44.495211,-125.408902
44.497233,-125.407366
44.499313,-125.405895
44.502388,-125.403679
44.504014,-125.402530
44.507450,-125.400052
44.508911,-125.398899
44.508768,-125.398817
44.509568,-125.398242
44.509568,-125.398242
44.508727,-125.398685
44.486743,-125.410540
44.477383,-125.412195
44.472535,-125.412482
44.469730,-125.412277
44.467968,-125.411335
44.466283,-125.409728
44.464867,-125.407380
44.463243,-125.402313
44.459153,-125.388875
44.444282,-125.343898
44.442802,-125.338893
44.442203,-125.333678
44.442422,-125.324300
44.442530,-125.321447
44.442557,-125.320762
44.442998,-125.314460
44.444753,-125.289388
44.445690,-125.275997
44.446388,-125.264333
44.447888,-125.239262
44.448225,-125.233647
44.448230,-125.233558
44.449392,-125.218468
44.450090,-125.214417
44.450135,-125.214210
44.453877,-125.197008
44.454095,-125.196132
44.456610,-125.185990
44.460348,-125.170788
44.460705,-125.169347
44.460752,-125.169160
44.461735,-125.165702
44.462620,-125.162627
44.463075,-125.161713
44.463507,-125.160878
44.464945,-125.157960
44.467910,-125.155643
44.467910,-125.155643
44.477650,-125.151397
44.478397,-125.151015
44.478397,-125.151015
44.481567,-125.148347
44.482590,-125.148425
44.512883,-125.151248
44.526917,-125.152647
44.530538,-125.152565
44.537062,-125.152650
44.541125,-125.152588
44.542577,-125.152518
44.549203,-125.151893
44.554345,-125.151337
44.557275,-125.151027
44.560988,-125.150243
44.565323,-125.149055
44.567902,-125.148402
44.569023,-125.148144
44.569181,-125.148070
44.478397,-125.151015
44.477495,-125.150970
44.467642,-125.150470
44.465275,-125.150475
44.462757,-125.150213
44.461683,-125.150043
44.460775,-125.149782
44.459998,-125.149355
44.459203,-125.148768
44.455335,-125.145580
44.450868,-125.142002
44.446608,-125.138732
44.442315,-125.135370
44.439210,-125.132878
44.435118,-125.129467
44.432060,-125.126748
44.429412,-125.124203
44.426933,-125.121825
44.424703,-125.119525
44.424135,-125.118938
44.423372,-125.118292
44.403388,-125.098828
44.395163,-125.088405
44.384577,-125.071988
44.370875,-125.043380
44.362528,-125.019988
44.358432,-124.996157
44.358392,-124.995897
44.358392,-124.995897
44.355237,-124.975325
44.355017,-124.973853
44.355017,-124.973853
44.354965,-124.973512
44.354782,-124.972198
44.354733,-124.971750
44.354633,-124.971017
44.354450,-124.969700
44.354367,-124.968383
44.354383,-124.967517
44.354550,-124.966800
44.354867,-124.966300
44.355817,-124.965450
44.357617,-124.964117
44.359050,-124.963467
44.362770,-124.962243
44.362770,-124.962243
44.363650,-124.961983
44.363650,-124.961983
44.363650,-124.961983
44.362790,-124.961618
44.360883,-124.960683
44.357850,-124.958767
44.356650,-124.957567
44.355550,-124.956283
44.355417,-124.956017
44.355283,-124.955533
44.355283,-124.955083
44.355333,-124.954450
44.355400,-124.954033
44.356017,-124.951600
44.357997,-124.944455
44.358752,-124.941798
44.359768,-124.938140
44.359937,-124.937098
44.360025,-124.936228
44.361657,-124.927435
44.369217,-124.906155
44.379208,-124.887708
44.385820,-124.870645
44.402173,-124.842260
44.432190,-124.788232
44.438672,-124.779072
44.445747,-124.773360
44.455275,-124.769447
44.469695,-124.765710
44.485622,-124.759157
44.498502,-124.757733
44.519063,-124.755523
44.528438,-124.751117
44.537322,-124.744582
44.545178,-124.734622
44.547763,-124.730038
44.550603,-124.723437
44.555983,-124.707168
44.563397,-124.690730
44.583713,-124.656243
44.587435,-124.650102
44.594928,-124.640525
44.603403,-124.633382
44.606437,-124.631520
44.613035,-124.628835
44.625588,-124.623888
44.639753,-124.620207
44.672605,-124.614935
44.721177,-124.608500
44.733920,-124.608602
44.742712,-124.606993
44.750143,-124.603757
44.757218,-124.598905
44.765553,-124.589258
44.772168,-124.576173
44.775117,-124.566488
44.776643,-124.556585
44.776892,-124.546067
44.774652,-124.532372
44.770468,-124.520612
44.763757,-124.509737
44.753742,-124.498678
44.744662,-124.491062
44.698645,-124.461447
44.695883,-124.459682
44.695638,-124.459522
44.695477,-124.459422
44.694235,-124.458705
44.693798,-124.458455
44.693153,-124.458070
44.692797,-124.457865
44.692205,-124.457515
44.691385,-124.457012
44.691385,-124.457012
44.691567,-124.456874
44.692453,-124.456402
44.692808,-124.456170
44.693123,-124.455912
44.693315,-124.455677
44.693455,-124.455415
44.693612,-124.454838
44.693722,-124.454375
44.693925,-124.453488
44.694852,-124.449537
44.695130,-124.448402
44.697088,-124.439707
44.697497,-124.438000
44.703652,-124.411675
44.708323,-124.391832
44.709480,-124.382475
44.709163,-124.374852
44.707885,-124.367603
44.705473,-124.361407
44.702657,-124.354848
44.700753,-124.350468
44.700620,-124.350257
44.698180,-124.346372
44.695067,-124.342743
44.678828,-124.332262
44.642730,-124.308928
44.641435,-124.308128
44.640188,-124.307308
44.638428,-124.306260
44.637512,-124.305694
44.637304,-124.305619
45.202300,-123.967150
45.200572,-123.978472
45.199417,-123.986033
45.199375,-123.986270
45.198697,-123.990073
45.195385,-124.010113
45.192752,-124.027862
45.192673,-124.029107
45.192673,-124.029107
45.192690,-124.029448
45.193055,-124.036672
45.195150,-124.047807
45.195692,-124.057223
45.196178,-124.065677
45.197177,-124.099163
45.195710,-124.128925
45.192705,-124.189947
45.194673,-124.220432
45.202502,-124.253948
45.207515,-124.272712
45.210065,-124.282253
45.214302,-124.301483
45.218990,-124.331402
45.221438,-124.352733
45.233443,-124.408548
45.239952,-124.452295
45.264328,-124.568088
45.273782,-124.613012
45.279313,-124.635288
45.280533,-124.655062
45.277998,-124.675283
45.271855,-124.694083
45.261015,-124.718342
45.253655,-124.731567
45.242937,-124.749883
45.242548,-124.750632
45.242410,-124.751018
45.234305,-124.773797
45.229725,-124.798027
45.226618,-124.825532
45.226443,-124.854995
45.230295,-124.880652
45.232250,-124.889492
45.236617,-124.903080
45.242725,-124.919833
45.244650,-124.923512
45.244667,-124.923537
45.255877,-124.940888
45.256032,-124.941128
45.266397,-124.957305
45.273275,-124.971955
45.273435,-124.972295
45.283117,-124.993602
45.284032,-124.996413
45.287963,-125.008500
45.296683,-125.030913
45.298183,-125.037875
45.298252,-125.038617
45.298328,-125.039435
45.298422,-125.040865
45.299210,-125.076387
45.299210,-125.076387
45.299605,-125.091283
45.298815,-125.101812
45.298375,-125.104907
45.295382,-125.119342
45.285710,-125.154227
45.283758,-125.165410
45.282307,-125.183485
45.280557,-125.218285
45.280673,-125.227697
45.282568,-125.254662
45.284590,-125.277877
45.286347,-125.298037
45.287873,-125.317832
45.289325,-125.327152
45.294028,-125.347795
45.308888,-125.406598
45.331257,-125.495142
45.331257,-125.495142
45.334448,-125.504917
45.337027,-125.511627
45.346847,-125.532980
45.380650,-125.599495
45.384960,-125.608813
45.392005,-125.624048
45.409447,-125.666807
45.418888,-125.692755
45.421793,-125.701560
45.429620,-125.728062
45.483358,-125.941690
45.570850,-126.292842
45.596542,-126.396063
45.713153,-126.864967
45.734505,-126.949563
45.757777,-127.045927
45.775588,-127.117588
45.779095,-127.129805
45.785573,-127.152377
45.785713,-127.153115
45.787003,-127.159958
45.787220,-127.161533
45.787517,-127.163005
45.801200,-127.224938
45.802415,-127.231900
45.803428,-127.240157
45.803730,-127.247303
45.802790,-127.252717
45.800590,-127.259375
45.797922,-127.264800
45.792832,-127.268963
45.786198,-127.272257
45.777728,-127.275888
45.773602,-127.277222
45.756468,-127.278388
45.755555,-127.278438
45.755555,-127.278438
45.756435,-127.278428
45.756465,-127.278428
45.773450,-127.278232
45.787592,-127.281478
45.791388,-127.282405
45.795198,-127.284508
45.795313,-127.284607
45.798833,-127.288887
45.800898,-127.292712
45.803933,-127.300722
45.804217,-127.301823
45.804857,-127.307942
45.804785,-127.320182
45.804692,-127.332897
45.804427,-127.365875
45.804422,-127.366412
45.803682,-127.442383
45.796378,-128.068960
45.795750,-128.123010
45.794522,-128.228732
45.793000,-128.362647
45.792450,-128.406370
45.789967,-128.603613
45.788620,-128.651235
45.789262,-128.668503
45.789657,-128.672528
45.790170,-128.677768
45.794925,-128.706308
45.822862,-128.833110
45.831933,-128.874293
45.845950,-128.939380
45.900805,-129.193420
45.920568,-129.285008
45.931375,-129.331278
45.934575,-129.350393
45.935642,-129.361972
45.935992,-129.381492
45.934270,-129.414407
45.931053,-129.467828
45.928935,-129.483500
45.927648,-129.490020
45.922637,-129.508728
45.889400,-129.605005
45.886900,-129.612847
45.886758,-129.613293
45.882995,-129.624247
45.882935,-129.624423
45.875803,-129.643902
45.873088,-129.652668
45.872950,-129.653130
45.870190,-129.662372
45.868132,-129.673672
45.866848,-129.686372
45.863542,-129.719093
45.862457,-129.722525
45.859597,-129.727687
45.855612,-129.732197
45.851582,-129.735047
45.844520,-129.738637
45.840848,-129.740122
45.835040,-129.741250
45.821350,-129.743038
45.820455,-129.743155
45.820455,-129.743155
45.821353,-129.743087
45.835597,-129.742015
45.841412,-129.742025
45.848822,-129.743602
45.856248,-129.746098
45.859440,-129.747977
45.862437,-129.750787
45.865058,-129.755227
45.866207,-129.759587
45.870293,-129.778932
45.874562,-129.801738
45.876163,-129.807545
45.883043,-129.829078
45.886165,-129.838163
45.912712,-129.902963
45.928478,-129.936892
45.936048,-129.954055
45.938142,-129.959817
45.940773,-129.968662
45.940778,-129.968680
45.941273,-129.969737
45.755555,-127.278438
45.756397,-127.278400
45.793950,-127.276692
45.800200,-127.275487
45.804580,-127.273298
45.824997,-127.256680
45.825200,-127.256513
45.836028,-127.247875
45.843767,-127.241702
45.820191,-129.736415
45.820255,-129.736330
45.820191,-129.736415
45.820173,-129.736721
45.820173,-129.736721
45.820176,-129.736709
45.820191,-129.736415
45.820223,-129.736393
45.816791,-129.754125
45.816832,-129.754033
45.816791,-129.754125
45.817099,-129.754052
45.816716,-129.754096
45.816791,-129.754125
45.816716,-129.754096
45.817042,-129.753913
45.817433,-129.753623
45.816791,-129.754125
45.816863,-129.754500
45.816863,-129.754500
45.816873,-129.754953
45.816993,-129.755872
45.817105,-129.756630
45.817287,-129.757237
45.817435,-129.757758
45.817473,-129.758378
45.817632,-129.758925
45.817802,-129.759363
45.818208,-129.759447
45.818673,-129.759443
45.819062,-129.759527
45.819472,-129.759313
45.819877,-129.759487
45.820273,-129.759477
45.820658,-129.759533
45.821047,-129.759528
45.821457,-129.759553
45.821807,-129.759505
45.822175,-129.759515
45.822562,-129.759545
45.822972,-129.759523
45.823447,-129.759443
45.823837,-129.759557
45.824010,-129.759522
45.824158,-129.759554
45.816716,-129.754096
45.816948,-129.754038
45.817033,-129.754442
45.817332,-129.755235
45.817643,-129.756098
45.817973,-129.756610
45.818253,-129.757275
45.818528,-129.757882
45.818953,-129.757677
45.819498,-129.757880
45.820018,-129.757945
45.820445,-129.757998
45.820895,-129.758015
45.821347,-129.758040
45.821750,-129.758048
45.822217,-129.758092
45.822642,-129.758115
45.823082,-129.758098
45.823518,-129.758138
45.823972,-129.758208
45.824432,-129.758238
45.824863,-129.758238
45.825367,-129.758248
45.825783,-129.758315
45.826200,-129.758322
45.826705,-129.758338
45.827120,-129.758388
45.827583,-129.758358
45.828002,-129.758685
45.828450,-129.758873
45.828868,-129.759388
45.829387,-129.759512
45.829505,-129.759588
45.829659,-129.759402
45.829653,-129.759309
45.820176,-129.736709
45.820189,-129.736708
45.820455,-129.743155
45.820222,-129.743090
45.820207,-129.743108
45.820185,-129.743114
45.820162,-129.743095
45.820140,-129.743059
45.820125,-129.743006
45.820108,-129.742959
45.820101,-129.742945
45.820099,-129.742938
45.820012,-129.742693
45.820040,-129.742475
45.820053,-129.742262
45.820058,-129.742128
45.820065,-129.741995
45.820045,-129.741827
45.820093,-129.741597
45.820102,-129.741450
45.820095,-129.741243
45.820107,-129.741068
45.820078,-129.740833
45.820102,-129.740682
45.820107,-129.740488
45.820118,-129.740337
45.820125,-129.740147
45.820122,-129.739970
45.820128,-129.739718
45.820123,-129.739527
45.820113,-129.739278
45.820138,-129.739050
45.820157,-129.738785
45.820153,-129.738452
45.820167,-129.738133
45.820158,-129.737952
45.820153,-129.737717
45.820188,-129.737568
45.820163,-129.737283
45.820193,-129.736589
45.820152,-129.736436
45.820191,-129.736415
45.820455,-129.743155
45.820342,-129.743106
45.820263,-129.743400
45.820210,-129.743627
45.820130,-129.743818
45.819959,-129.744097
45.819839,-129.744305
45.819702,-129.744556
45.819563,-129.744798
45.819456,-129.745009
45.819388,-129.745245
45.819297,-129.745507
45.819208,-129.745760
45.819151,-129.745941
45.819051,-129.746232
45.818977,-129.746489
45.818913,-129.746671
45.818843,-129.746882
45.818751,-129.747076
45.818700,-129.747206
45.818659,-129.747362
45.818608,-129.747551
45.818519,-129.747750
45.818432,-129.747992
45.818328,-129.748184
45.818257,-129.748372
45.818253,-129.748438
45.818272,-129.748451
45.818273,-129.748451
45.818247,-129.748434
45.818205,-129.748514
45.818148,-129.748667
45.818073,-129.748852
45.818009,-129.749032
45.817967,-129.749173
45.817923,-129.749307
45.817858,-129.749528
45.817781,-129.749691
45.817695,-129.749895
45.817605,-129.750095
45.817529,-129.750307
45.817426,-129.750630
45.817307,-129.750882
45.817155,-129.751155
45.817042,-129.751438
45.816941,-129.751680
45.816848,-129.751923
45.816805,-129.752059
45.816725,-129.752265
45.816628,-129.752528
45.816601,-129.752627
45.816593,-129.752697
45.816593,-129.753022
45.816595,-129.753036
45.816747,-129.753853
45.816700,-129.754029
45.816716,-129.754096
45.933738,-130.013899
45.933732,-130.013689
45.933738,-130.013899
45.933789,-130.014079
45.933789,-130.014079
45.933782,-130.014094
45.933738,-130.013899
45.933707,-130.013850
45.933703,-130.013838
45.933704,-130.013830
45.933728,-130.013797
45.933788,-130.013574
45.933839,-130.013383
45.933803,-130.012967
45.933800,-130.012723
45.933788,-130.012497
45.933797,-130.012355
45.933783,-130.012112
45.933775,-130.011917
45.933772,-130.011725
45.933777,-130.011568
45.933773,-130.011420
45.933772,-130.011262
45.933770,-130.011098
45.933772,-130.010943
45.933757,-130.010828
45.933768,-130.010637
45.933755,-130.010598
45.933713,-130.010462
45.933747,-130.010333
45.933762,-130.010250
45.933743,-130.010087
45.933757,-130.009987
45.933742,-130.009873
45.933733,-130.009768
45.933722,-130.009638
45.933733,-130.009498
45.933723,-130.009402
45.933722,-130.009265
45.933733,-130.009128
45.933752,-130.009023
45.933738,-130.008887
45.933730,-130.008750
45.933725,-130.008632
45.933717,-130.008482
45.933728,-130.008393
45.933718,-130.008252
45.933733,-130.008147
45.933738,-130.008038
45.933737,-130.007882
45.933737,-130.007767
45.933722,-130.007653
45.933707,-130.007538
45.933693,-130.007418
45.933677,-130.007297
45.933677,-130.007173
45.933678,-130.007052
45.933675,-130.006927
45.933672,-130.006803
45.933665,-130.006672
45.933663,-130.006533
45.933672,-130.006402
45.933678,-130.006283
45.933688,-130.006187
45.933683,-130.006062
45.933697,-130.005978
45.933683,-130.005858
45.933670,-130.005753
45.933663,-130.005633
45.933653,-130.005517
45.933648,-130.005393
45.933643,-130.005255
45.933643,-130.005138
45.933653,-130.005022
45.933652,-130.004863
45.933662,-130.004773
45.933657,-130.004622
45.933658,-130.004508
45.933652,-130.004358
45.933652,-130.004232
45.933652,-130.004112
45.933643,-130.003943
45.933642,-130.003818
45.933642,-130.003692
45.933633,-130.003558
45.933622,-130.003418
45.933622,-130.003278
45.933623,-130.003153
45.933635,-130.003022
45.933643,-130.002882
45.933652,-130.002735
45.933662,-130.002605
45.933678,-130.002477
45.933648,-130.002388
45.933625,-130.002278
45.933623,-130.002160
45.933608,-130.002007
45.933623,-130.001887
45.933632,-130.001763
45.933627,-130.001620
45.933632,-130.001485
45.933632,-130.001368
45.933623,-130.001218
45.933622,-130.001087
45.933627,-130.000963
45.933627,-130.000845
45.933618,-130.000700
45.933603,-130.000535
45.933607,-130.000410
45.933598,-130.000263
45.933590,-130.000128
45.933588,-129.999992
45.933583,-129.999843
45.933577,-129.999703
45.933578,-129.999563
45.933573,-129.999402
45.933582,-129.999367
45.933585,-129.999283
45.933548,-129.999264
45.933548,-129.999264
45.933555,-129.999235
45.933935,-130.013313
45.933744,-130.013588
45.933729,-130.013605
45.933670,-130.013638
45.933651,-130.013653
45.933640,-130.013650
45.933633,-130.013648
45.933643,-130.013636
45.954922,-130.008879
45.954851,-130.008838
45.954922,-130.008879
45.954686,-130.008964
45.954922,-130.008879
45.954785,-130.009127
45.954922,-130.008879
45.954850,-130.008772
45.954686,-130.008964
45.954683,-130.008979
45.954922,-130.008879
45.954829,-130.009240
45.939688,-129.973784
45.939671,-129.973776
45.939830,-129.974176
45.939688,-129.973784
45.939830,-129.974176
45.939821,-129.974267
45.939735,-129.974457
45.939693,-129.974562
45.939632,-129.974652
45.939587,-129.974732
45.939542,-129.974802
45.939497,-129.974883
45.939465,-129.974933
45.939430,-129.974975
45.939393,-129.975022
45.939350,-129.975105
45.939300,-129.975158
45.939248,-129.975252
45.939207,-129.975342
45.939152,-129.975442
45.939087,-129.975537
45.939033,-129.975627
45.938963,-129.975713
45.938897,-129.975800
45.938843,-129.975872
45.938788,-129.975950
45.938737,-129.976043
45.938688,-129.976122
45.938642,-129.976188
45.938593,-129.976258
45.938537,-129.976338
45.938488,-129.976398
45.938437,-129.976468
45.938392,-129.976528
45.938333,-129.976582
45.938272,-129.976638
45.938207,-129.976705
45.938148,-129.976787
45.938092,-129.976857
45.938023,-129.976913
45.937982,-129.976970
45.937932,-129.977042
45.937902,-129.977092
45.937862,-129.977158
45.937797,-129.977243
45.937708,-129.977333
45.937628,-129.977413
45.937568,-129.977477
45.937488,-129.977562
45.937417,-129.977645
45.937343,-129.977740
45.937272,-129.977828
45.937207,-129.977892
45.937142,-129.977943
45.937083,-129.977987
45.937038,-129.978013
45.936980,-129.978060
45.936918,-129.978105
45.936862,-129.978142
45.936792,-129.978183
45.936705,-129.978233
45.936627,-129.978278
45.936567,-129.978327
45.936508,-129.978357
45.936438,-129.978417
45.936343,-129.978488
45.936252,-129.978521
45.936042,-129.978564
45.936059,-129.978552
45.939830,-129.974176
45.939888,-129.974113
45.936059,-129.978552
45.936070,-129.978545
45.939830,-129.974176
45.939962,-129.974303
45.940038,-129.974347
45.940143,-129.974422
45.940237,-129.974487
45.940332,-129.974550
45.940447,-129.974602
45.940545,-129.974638
45.940647,-129.974678
45.940760,-129.974717
45.940862,-129.974733
45.940967,-129.974757
45.941080,-129.974782
45.941187,-129.974812
45.941292,-129.974832
45.941407,-129.974833
45.941523,-129.974833
45.941642,-129.974853
45.941742,-129.974863
45.941852,-129.974865
45.941948,-129.974875
45.942042,-129.974903
45.942157,-129.974905
45.942258,-129.974940
45.942355,-129.974943
45.942468,-129.974973
45.942577,-129.975022
45.942692,-129.975062
45.942808,-129.975097
45.942912,-129.975142
45.943030,-129.975178
45.943137,-129.975222
45.943252,-129.975268
45.943373,-129.975322
45.943563,-129.975397
45.943650,-129.975450
45.943767,-129.975520
45.943868,-129.975563
45.943917,-129.975560
45.943983,-129.975607
45.944087,-129.975657
45.944197,-129.975707
45.944298,-129.975738
45.944400,-129.975793
45.944522,-129.975862
45.944622,-129.975905
45.944718,-129.975957
45.944823,-129.976030
45.944940,-129.976102
45.945057,-129.976177
45.945242,-129.976265
45.945343,-129.976323
45.945445,-129.976388
45.945568,-129.976455
45.945673,-129.976513
45.945798,-129.976578
45.945867,-129.976635
45.945972,-129.976702
45.946095,-129.976753
45.946255,-129.976850
45.946323,-129.976907
45.946367,-129.976925
45.946372,-129.976912
45.946472,-129.976958
45.946587,-129.977027
45.946705,-129.977117
45.946813,-129.977207
45.946927,-129.977268
45.947037,-129.977330
45.947118,-129.977383
45.947188,-129.977420
45.947282,-129.977460
45.947363,-129.977502
45.947467,-129.977533
45.947558,-129.977567
45.947648,-129.977603
45.947715,-129.977658
45.947792,-129.977700
45.947863,-129.977732
45.947953,-129.977778
45.948048,-129.977833
45.948143,-129.977878
45.948248,-129.977947
45.948348,-129.978038
45.948305,-129.978010
45.948288,-129.977952
45.948408,-129.978067
45.948493,-129.978165
45.948583,-129.978237
45.948638,-129.978337
45.948698,-129.978388
45.948807,-129.978492
45.948913,-129.978630
45.949013,-129.978727
45.949107,-129.978873
45.949215,-129.979050
45.949322,-129.979202
45.949385,-129.979338
45.949443,-129.979482
45.949542,-129.979697
45.949572,-129.979734
45.949593,-129.979718
45.949593,-129.979718
45.949577,-129.979700
45.939830,-129.974176
45.939833,-129.974129
45.926280,-129.978911
45.926362,-129.979210
45.926280,-129.978911
45.926270,-129.979056
45.926280,-129.978911
45.926295,-129.978996
45.925841,-129.977609
45.925710,-129.978026
45.925841,-129.977609
45.925790,-129.977499
45.925710,-129.978026
45.925720,-129.978031
45.925841,-129.977609
45.925795,-129.977581
45.954683,-130.008979
45.954680,-130.008992
45.939671,-129.973776
45.939669,-129.973789
45.941273,-129.969737
45.941382,-129.969998
45.941380,-129.970063
45.941385,-129.970102
45.941392,-129.970185
45.941395,-129.970292
45.941388,-129.970367
45.941393,-129.970423
45.941398,-129.970512
45.941388,-129.970588
45.941398,-129.970610
45.941398,-129.970705
45.941397,-129.970767
45.941408,-129.970872
45.941408,-129.970912
45.941407,-129.971005
45.941408,-129.971045
45.941413,-129.971142
45.941423,-129.971230
45.941433,-129.971308
45.941435,-129.971388
45.941443,-129.971443
45.941442,-129.971525
45.941437,-129.971565
45.941442,-129.971652
45.941440,-129.971713
45.941455,-129.971820
45.941465,-129.971927
45.941460,-129.971980
45.941485,-129.972000
45.941493,-129.972077
45.941497,-129.972153
45.941517,-129.972232
45.941517,-129.972308
45.941520,-129.972380
45.941535,-129.972450
45.941550,-129.972547
45.941568,-129.972630
45.941592,-129.972735
45.941602,-129.972827
45.941617,-129.972933
45.941627,-129.973083
45.941602,-129.973203
45.941598,-129.973263
45.941578,-129.973325
45.941535,-129.973388
45.941542,-129.973393
45.941495,-129.973498
45.941450,-129.973598
45.941385,-129.973633
45.941338,-129.973662
45.941307,-129.973683
45.941250,-129.973713
45.941217,-129.973768
45.941168,-129.973797
45.941118,-129.973825
45.941073,-129.973868
45.940993,-129.973937
45.940887,-129.974005
45.940735,-129.974123
45.940428,-129.974248
45.940062,-129.974407
45.939973,-129.974432
45.939858,-129.974322
45.939833,-129.974195
45.939830,-129.974176
45.941273,-129.969737
45.941443,-129.969980
45.941447,-129.970052
45.941493,-129.970213
45.941522,-129.970387
45.941573,-129.970472
45.941582,-129.970640
45.941563,-129.970803
45.941595,-129.970937
45.941627,-129.971093
45.941657,-129.971247
45.941688,-129.971397
45.941713,-129.971513
45.941733,-129.971657
45.941748,-129.971808
45.941798,-129.971943
45.941832,-129.972077
45.941880,-129.972202
45.941912,-129.972352
45.941942,-129.972527
45.941970,-129.972657
45.941998,-129.972723
45.942023,-129.972852
45.942068,-129.972993
45.942138,-129.973153
45.942163,-129.973293
45.942208,-129.973447
45.942253,-129.973608
45.942285,-129.973678
45.942362,-129.973887
45.942387,-129.974033
45.942423,-129.974185
45.942458,-129.974333
45.942513,-129.974485
45.942570,-129.974637
45.942645,-129.974807
45.942707,-129.974963
45.942772,-129.975132
45.942787,-129.975197
45.942783,-129.975108
45.942792,-129.975197
45.942857,-129.975335
45.942890,-129.975492
45.942937,-129.975660
45.942985,-129.975822
45.943053,-129.975977
45.943113,-129.976130
45.943183,-129.976308
45.943237,-129.976473
45.943307,-129.976617
45.943358,-129.976765
45.943362,-129.976903
45.943363,-129.977063
45.943333,-129.977207
45.943327,-129.977377
45.943310,-129.977553
45.943300,-129.977722
45.943272,-129.977858
45.943243,-129.977998
45.943212,-129.978158
45.943195,-129.978330
45.943163,-129.978523
45.943157,-129.978663
45.943113,-129.978792
45.943095,-129.978952
45.943038,-129.979107
45.943010,-129.979257
45.942987,-129.979407
45.942972,-129.979547
45.942965,-129.979705
45.942922,-129.979847
45.942900,-129.979990
45.942888,-129.980127
45.942872,-129.980262
45.942855,-129.980412
45.942828,-129.980573
45.942798,-129.980715
45.942763,-129.980853
45.942733,-129.980992
45.942700,-129.981112
45.942700,-129.981245
45.942697,-129.981400
45.942682,-129.981548
45.942657,-129.981677
45.942633,-129.981820
45.942595,-129.981978
45.942588,-129.982163
45.942550,-129.982307
45.942513,-129.982487
45.942472,-129.982662
45.942442,-129.982857
45.942388,-129.983042
45.942337,-129.983242
45.942313,-129.983468
45.942293,-129.983672
45.942233,-129.983908
45.942135,-129.984047
45.942107,-129.984070
45.942103,-129.984058
45.942143,-129.984045
45.942173,-129.984058
45.942137,-129.984113
45.942118,-129.984147
45.942078,-129.984227
45.941998,-129.984377
45.941928,-129.984463
45.941850,-129.984602
45.941772,-129.984747
45.941713,-129.984863
45.941628,-129.984973
45.941558,-129.985100
45.941467,-129.985218
45.941368,-129.985352
45.941277,-129.985500
45.941193,-129.985617
45.941102,-129.985748
45.941013,-129.985878
45.940908,-129.986013
45.940825,-129.986178
45.940747,-129.986262
45.940678,-129.986430
45.940597,-129.986538
45.940520,-129.986672
45.940448,-129.986820
45.940362,-129.986942
45.940327,-129.987030
45.940307,-129.987125
45.940238,-129.987228
45.940193,-129.987337
45.940143,-129.987487
45.940115,-129.987655
45.940058,-129.987755
45.940015,-129.987925
45.939973,-129.988048
45.939907,-129.988178
45.939858,-129.988333
45.939808,-129.988453
45.939773,-129.988602
45.939720,-129.988752
45.939657,-129.988900
45.939615,-129.989048
45.939557,-129.989195
45.939513,-129.989347
45.939452,-129.989478
45.939403,-129.989628
45.939378,-129.989803
45.939322,-129.989962
45.939267,-129.990123
45.939208,-129.990265
45.939147,-129.990412
45.939092,-129.990557
45.939047,-129.990715
45.938997,-129.990872
45.938948,-129.991008
45.938903,-129.991147
45.938865,-129.991312
45.938832,-129.991438
45.938793,-129.991615
45.938760,-129.991737
45.938725,-129.991857
45.938693,-129.991948
45.938683,-129.991955
45.938675,-129.992113
45.938658,-129.992310
45.938625,-129.992462
45.938595,-129.992642
45.938555,-129.992815
45.938527,-129.992990
45.938500,-129.993150
45.938478,-129.993297
45.938460,-129.993453
45.938433,-129.993610
45.938398,-129.993765
45.938367,-129.993913
45.938327,-129.994073
45.938297,-129.994272
45.938272,-129.994433
45.938238,-129.994620
45.938192,-129.994792
45.938165,-129.994950
45.938128,-129.995100
45.938125,-129.995235
45.938165,-129.995395
45.938198,-129.995557
45.938232,-129.995698
45.938263,-129.995850
45.938307,-129.995992
45.938318,-129.996120
45.938342,-129.996263
45.938352,-129.996413
45.938385,-129.996555
45.938403,-129.996673
45.938462,-129.996843
45.938498,-129.996983
45.938527,-129.997153
45.938543,-129.997310
45.938583,-129.997467
45.938637,-129.997580
45.938660,-129.997720
45.938698,-129.997888
45.938753,-129.998037
45.938767,-129.998183
45.938785,-129.998327
45.938807,-129.998478
45.938843,-129.998648
45.938872,-129.998792
45.938905,-129.998933
45.938942,-129.999082
45.938963,-129.999195
45.938997,-129.999348
45.939033,-129.999498
45.939020,-129.999668
45.938987,-129.999817
45.938952,-129.999950
45.938922,-130.000093
45.938888,-130.000252
45.938853,-130.000420
45.938830,-130.000547
45.938808,-130.000702
45.938783,-130.000855
45.938777,-130.001022
45.938760,-130.001153
45.938738,-130.001302
45.938712,-130.001482
45.938712,-130.001618
45.938683,-130.001768
45.938650,-130.001917
45.938618,-130.002068
45.938590,-130.002238
45.938577,-130.002397
45.938550,-130.002542
45.938515,-130.002687
45.938485,-130.002862
45.938458,-130.003002
45.938432,-130.003117
45.938405,-130.003247
45.938388,-130.003402
45.938378,-130.003577
45.938368,-130.003758
45.938363,-130.003937
45.938328,-130.004100
45.938292,-130.004248
45.938238,-130.004402
45.938177,-130.004557
45.938118,-130.004683
45.938057,-130.004805
45.937998,-130.004903
45.937942,-130.005013
45.937880,-130.005138
45.937797,-130.005262
45.937713,-130.005372
45.937613,-130.005470
45.937525,-130.005567
45.937438,-130.005677
45.937318,-130.005792
45.937197,-130.005917
45.937112,-130.006025
45.937007,-130.006145
45.936895,-130.006292
45.936823,-130.006388
45.936732,-130.006512
45.936668,-130.006595
45.936542,-130.006755
45.936467,-130.006853
45.936402,-130.006933
45.936337,-130.007022
45.936298,-130.007082
45.936252,-130.007137
45.936172,-130.007215
45.936123,-130.007268
45.936097,-130.007312
45.936087,-130.007373
45.936087,-130.007357
45.936083,-130.007377
45.936055,-130.007423
45.936030,-130.007553
45.935987,-130.007723
45.935918,-130.007888
45.935872,-130.008018
45.935838,-130.008138
45.935782,-130.008218
45.935763,-130.008283
45.935723,-130.008432
45.935678,-130.008578
45.935628,-130.008733
45.935583,-130.008908
45.935550,-130.008988
45.935517,-130.009097
45.935495,-130.009217
45.935452,-130.009365
45.935417,-130.009528
45.935380,-130.009660
45.935353,-130.009755
45.935328,-130.009858
45.935298,-130.009983
45.935257,-130.010113
45.935228,-130.010252
45.935200,-130.010398
45.935157,-130.010518
45.935138,-130.010600
45.935108,-130.010717
45.935083,-130.010813
45.935042,-130.010960
45.935032,-130.011008
45.935002,-130.011157
45.934972,-130.011277
45.934938,-130.011373
45.934892,-130.011467
45.934842,-130.011585
45.934823,-130.011710
45.934793,-130.011815
45.934757,-130.011948
45.934733,-130.012078
45.934688,-130.012187
45.934658,-130.012298
45.934613,-130.012428
45.934560,-130.012533
45.934522,-130.012648
45.934473,-130.012773
45.934420,-130.012908
45.934357,-130.013028
45.934290,-130.013143
45.934198,-130.013252
45.934123,-130.013353
45.934080,-130.013422
45.933937,-130.013326
45.933935,-130.013313
45.941273,-129.969737
45.940863,-129.969925
45.940808,-129.969897
45.940745,-129.969846
45.940638,-129.969732
45.940577,-129.969712
45.940413,-129.969588
45.940217,-129.969550
45.940045,-129.969435
45.939818,-129.969342
45.939628,-129.969213
45.939507,-129.969128
45.939427,-129.969117
45.939262,-129.969075
45.939183,-129.969045
45.939048,-129.969018
45.938927,-129.968988
45.938767,-129.968965
45.938608,-129.968915
45.938422,-129.968883
45.938250,-129.968833
45.938095,-129.968828
45.937962,-129.968800
45.937787,-129.968750
45.937685,-129.968752
45.937500,-129.968733
45.937347,-129.968737
45.937180,-129.968733
45.937007,-129.968727
45.936833,-129.968693
45.936657,-129.968658
45.936482,-129.968683
45.936328,-129.968702
45.936178,-129.968707
45.936030,-129.968713
45.935843,-129.968698
45.935697,-129.968702
45.935508,-129.968693
45.935332,-129.968708
45.935295,-129.968733
45.935125,-129.968728
45.934927,-129.968750
45.934747,-129.968753
45.934535,-129.968797
45.934343,-129.968910
45.934187,-129.969037
45.934020,-129.969167
45.933837,-129.969223
45.933640,-129.969327
45.933463,-129.969425
45.933317,-129.969582
45.933178,-129.969775
45.933065,-129.969890
45.932968,-129.969998
45.932853,-129.970110
45.932743,-129.970213
45.932588,-129.970333
45.932443,-129.970438
45.932283,-129.970567
45.932135,-129.970693
45.932032,-129.970742
45.931873,-129.970860
45.931768,-129.970938
45.931658,-129.971025
45.931552,-129.971108
45.931418,-129.971230
45.931275,-129.971333
45.931142,-129.971442
45.931047,-129.971520
45.930905,-129.971663
45.930803,-129.971767
45.930678,-129.971878
45.930530,-129.971972
45.930472,-129.972037
45.930398,-129.972083
45.930190,-129.972222
45.930043,-129.972367
45.929882,-129.972517
45.929722,-129.972670
45.929613,-129.972780
45.929470,-129.972962
45.929327,-129.973150
45.929172,-129.973252
45.929022,-129.973403
45.928895,-129.973542
45.928762,-129.973728
45.928632,-129.973875
45.928465,-129.974055
45.928322,-129.974212
45.928172,-129.974360
45.928020,-129.974502
45.927870,-129.974655
45.927818,-129.974750
45.927702,-129.974897
45.927600,-129.975083
45.927493,-129.975318
45.927415,-129.975492
45.927327,-129.975647
45.927217,-129.975883
45.927122,-129.976152
45.927052,-129.976337
45.926963,-129.976588
45.926878,-129.976803
45.926813,-129.977073
45.926763,-129.977255
45.926713,-129.977517
45.926640,-129.977798
45.926592,-129.978043
45.926582,-129.978237
45.926517,-129.978378
45.926458,-129.978620
45.926408,-129.978773
45.926337,-129.978913
45.926292,-129.978879
45.926280,-129.978911
45.941273,-129.969737
45.941403,-129.969995
45.941408,-129.970077
45.941420,-129.970145
45.941458,-129.970280
45.941450,-129.970357
45.941483,-129.970538
45.941532,-129.970598
45.941582,-129.970725
45.941620,-129.970812
45.941700,-129.970983
45.941757,-129.971163
45.941802,-129.971337
45.941865,-129.971480
45.941913,-129.971578
45.941918,-129.971672
45.941987,-129.971800
45.942047,-129.971863
45.942098,-129.971978
45.942153,-129.972112
45.942213,-129.972227
45.942273,-129.972347
45.942317,-129.972445
45.942338,-129.972495
45.942393,-129.972632
45.942452,-129.972777
45.942497,-129.972898
45.942515,-129.973003
45.942567,-129.973107
45.942622,-129.973222
45.942658,-129.973313
45.942713,-129.973428
45.942757,-129.973533
45.942812,-129.973633
45.942863,-129.973745
45.942918,-129.973848
45.942977,-129.973968
45.943017,-129.974085
45.943092,-129.974217
45.943145,-129.974353
45.943180,-129.974448
45.943248,-129.974583
45.943297,-129.974682
45.943347,-129.974792
45.943373,-129.974918
45.943412,-129.975037
45.943425,-129.975143
45.943445,-129.975265
45.943450,-129.975382
45.943488,-129.975552
45.943515,-129.975682
45.943553,-129.975835
45.943607,-129.975883
45.943648,-129.976033
45.943688,-129.976157
45.943743,-129.976290
45.943782,-129.976418
45.943843,-129.976518
45.943893,-129.976637
45.943930,-129.976767
45.943972,-129.976895
45.944013,-129.977010
45.944007,-129.977122
45.943942,-129.977212
45.943887,-129.977340
45.943850,-129.977490
45.943838,-129.977650
45.943822,-129.977657
45.943803,-129.977662
45.943808,-129.977613
45.943828,-129.977638
45.943848,-129.977602
45.943848,-129.977653
45.943830,-129.977722
45.943830,-129.977753
45.943787,-129.977812
45.943762,-129.977928
45.943742,-129.978002
45.943723,-129.978008
45.943722,-129.978037
45.943738,-129.978152
45.943742,-129.978352
45.943705,-129.978548
45.943672,-129.978720
45.943640,-129.978912
45.943633,-129.979055
45.943635,-129.979185
45.943618,-129.979407
45.943587,-129.979547
45.943568,-129.979672
45.943538,-129.979782
45.943493,-129.979877
45.943453,-129.980043
45.943443,-129.980197
45.943445,-129.980313
45.943430,-129.980447
45.943403,-129.980577
45.943380,-129.980738
45.943337,-129.980875
45.943298,-129.981005
45.943262,-129.981128
45.943222,-129.981243
45.943203,-129.981362
45.943193,-129.981508
45.943158,-129.981638
45.943132,-129.981763
45.943100,-129.981902
45.943088,-129.982032
45.943068,-129.982183
45.943038,-129.982318
45.943015,-129.982415
45.942985,-129.982572
45.942947,-129.982700
45.942928,-129.982810
45.942905,-129.982940
45.942870,-129.983118
45.942842,-129.983243
45.942820,-129.983363
45.942802,-129.983477
45.942777,-129.983640
45.942745,-129.983765
45.942720,-129.983893
45.942688,-129.984018
45.942663,-129.984152
45.942633,-129.984303
45.942613,-129.984407
45.942605,-129.984458
45.942572,-129.984553
45.942507,-129.984628
45.942442,-129.984728
45.942393,-129.984787
45.942387,-129.984840
45.942352,-129.984903
45.942323,-129.984937
45.942273,-129.985027
45.942218,-129.985148
45.942153,-129.985232
45.942078,-129.985307
45.941993,-129.985442
45.941947,-129.985542
45.941883,-129.985593
45.941852,-129.985672
45.941790,-129.985753
45.941718,-129.985867
45.941648,-129.985985
45.941585,-129.986062
45.941555,-129.986153
45.941505,-129.986208
45.941455,-129.986303
45.941395,-129.986407
45.941342,-129.986523
45.941292,-129.986658
45.941242,-129.986772
45.941218,-129.986857
45.941158,-129.986975
45.941108,-129.987085
45.941053,-129.987192
45.941000,-129.987317
45.940948,-129.987423
45.940895,-129.987522
45.940853,-129.987620
45.940805,-129.987722
45.940762,-129.987823
45.940722,-129.987922
45.940737,-129.987928
45.940743,-129.987950
45.940692,-129.988038
45.940647,-129.988138
45.940627,-129.988187
45.940660,-129.988148
45.940643,-129.988168
45.940605,-129.988230
45.940555,-129.988362
45.940483,-129.988488
45.940447,-129.988595
45.940427,-129.988693
45.940358,-129.988802
45.940308,-129.988917
45.940307,-129.988997
45.940318,-129.989020
45.940317,-129.989042
45.940278,-129.989087
45.940218,-129.989202
45.940148,-129.989377
45.940088,-129.989525
45.940037,-129.989653
45.939975,-129.989792
45.939908,-129.989952
45.939847,-129.990087
45.939805,-129.990170
45.939795,-129.990237
45.939765,-129.990318
45.939723,-129.990417
45.939677,-129.990542
45.939642,-129.990668
45.939613,-129.990797
45.939627,-129.990868
45.939573,-129.990932
45.939522,-129.991027
45.939473,-129.991198
45.939445,-129.991342
45.939408,-129.991453
45.939363,-129.991593
45.939312,-129.991702
45.939270,-129.991817
45.939237,-129.991947
45.939222,-129.992068
45.939207,-129.992223
45.939172,-129.992363
45.939150,-129.992482
45.939132,-129.992580
45.939123,-129.992695
45.939100,-129.992787
45.939077,-129.992877
45.939057,-129.992987
45.939027,-129.993102
45.938985,-129.993288
45.938950,-129.993453
45.938932,-129.993612
45.938925,-129.993733
45.938887,-129.993882
45.938853,-129.993983
45.938837,-129.994072
45.938817,-129.994202
45.938785,-129.994333
45.938767,-129.994452
45.938740,-129.994600
45.938718,-129.994735
45.938693,-129.994850
45.938677,-129.994997
45.938662,-129.995112
45.938637,-129.995222
45.938628,-129.995333
45.938652,-129.995467
45.938708,-129.995590
45.938782,-129.995700
45.938827,-129.995805
45.938815,-129.995855
45.938883,-129.996025
45.938902,-129.996167
45.938930,-129.996298
45.938952,-129.996437
45.938963,-129.996567
45.938992,-129.996723
45.939020,-129.996828
45.939060,-129.996957
45.939097,-129.997052
45.939107,-129.997187
45.939138,-129.997322
45.939187,-129.997428
45.939187,-129.997538
45.939222,-129.997597
45.939233,-129.997635
45.939212,-129.997660
45.939222,-129.997757
45.939232,-129.997858
45.939268,-129.997982
45.939300,-129.998122
45.939333,-129.998193
45.939348,-129.998268
45.939357,-129.998357
45.939388,-129.998458
45.939407,-129.998543
45.939432,-129.998688
45.939432,-129.998818
45.939473,-129.998928
45.939488,-129.999062
45.939517,-129.999222
45.939535,-129.999343
45.939542,-129.999377
45.939542,-129.999453
45.939608,-129.999558
45.939658,-129.999598
45.939607,-129.999643
45.939563,-129.999693
45.939497,-129.999837
45.939437,-129.999988
45.939428,-130.000148
45.939388,-130.000238
45.939353,-130.000422
45.939340,-130.000567
45.939333,-130.000708
45.939327,-130.000843
45.939333,-130.000945
45.939313,-130.001025
45.939307,-130.001077
45.939307,-130.001190
45.939280,-130.001293
45.939285,-130.001397
45.939262,-130.001562
45.939223,-130.001688
45.939192,-130.001838
45.939163,-130.001977
45.939148,-130.002112
45.939128,-130.002198
45.939097,-130.002303
45.939048,-130.002452
45.939037,-130.002562
45.939002,-130.002698
45.939023,-130.002785
45.939047,-130.002788
45.938995,-130.002858
45.938957,-130.002928
45.938942,-130.003037
45.938925,-130.003190
45.938905,-130.003353
45.938880,-130.003492
45.938880,-130.003617
45.938857,-130.003748
45.938833,-130.003892
45.938817,-130.003992
45.938817,-130.004113
45.938798,-130.004245
45.938758,-130.004353
45.938735,-130.004477
45.938695,-130.004602
45.938675,-130.004713
45.938648,-130.004857
45.938598,-130.005007
45.938565,-130.005120
45.938558,-130.005208
45.938518,-130.005310
45.938467,-130.005412
45.938390,-130.005513
45.938307,-130.005617
45.938223,-130.005703
45.938148,-130.005788
45.938097,-130.005880
45.938048,-130.005948
45.937993,-130.006077
45.937967,-130.006132
45.937932,-130.006208
45.937855,-130.006273
45.937795,-130.006377
45.937718,-130.006472
45.937657,-130.006592
45.937588,-130.006697
45.937522,-130.006798
45.937457,-130.006882
45.937423,-130.006957
45.937367,-130.007042
45.937337,-130.007110
45.937263,-130.007183
45.937193,-130.007282
45.937158,-130.007317
45.937117,-130.007395
45.937045,-130.007488
45.936988,-130.007588
45.936908,-130.007697
45.936843,-130.007810
45.936792,-130.007853
45.936752,-130.007922
45.936697,-130.008008
45.936667,-130.008120
45.936628,-130.008223
45.936607,-130.008357
45.936570,-130.008495
45.936540,-130.008602
45.936510,-130.008695
45.936485,-130.008772
45.936432,-130.008872
45.936387,-130.008962
45.936357,-130.009045
45.936318,-130.009118
45.936280,-130.009185
45.936243,-130.009273
45.936195,-130.009370
45.936177,-130.009458
45.936167,-130.009538
45.936137,-130.009610
45.936092,-130.009707
45.936057,-130.009828
45.936027,-130.009948
45.935982,-130.010108
45.935927,-130.010283
45.935882,-130.010408
45.935838,-130.010517
45.935800,-130.010612
45.935763,-130.010720
45.935727,-130.010813
45.935702,-130.010927
45.935657,-130.011048
45.935618,-130.011173
45.935590,-130.011282
45.935562,-130.011408
45.935523,-130.011542
45.935480,-130.011657
45.935420,-130.011757
45.935390,-130.011833
45.935372,-130.011922
45.935342,-130.012020
45.935297,-130.012133
45.935262,-130.012258
45.935233,-130.012353
45.935208,-130.012463
45.935178,-130.012588
45.935133,-130.012712
45.935090,-130.012813
45.935038,-130.012938
45.935015,-130.013002
45.934982,-130.013117
45.934923,-130.013222
45.934842,-130.013303
45.934723,-130.013372
45.934627,-130.013417
45.934543,-130.013495
45.934472,-130.013592
45.934375,-130.013648
45.934287,-130.013697
45.934207,-130.013748
45.934108,-130.013755
45.934005,-130.013777
45.933915,-130.013793
45.933828,-130.013845
45.933792,-130.013884
45.933738,-130.013899
45.941273,-129.969737
45.940945,-129.969797
45.940887,-129.969711
45.940818,-129.969597
45.940718,-129.969467
45.940633,-129.969338
45.940492,-129.969213
45.940387,-129.969083
45.940267,-129.968927
45.940118,-129.968775
45.939992,-129.968633
45.939862,-129.968523
45.939722,-129.968413
45.939552,-129.968360
45.939387,-129.968343
45.939213,-129.968353
45.939055,-129.968312
45.938883,-129.968267
45.938732,-129.968228
45.938568,-129.968218
45.938423,-129.968198
45.938258,-129.968178
45.938107,-129.968148
45.937962,-129.968093
45.937808,-129.968060
45.937658,-129.968028
45.937507,-129.967982
45.937348,-129.967887
45.937192,-129.967877
45.937047,-129.967870
45.936895,-129.967853
45.936738,-129.967897
45.936583,-129.967925
45.936453,-129.967947
45.936298,-129.967973
45.936132,-129.967988
45.936012,-129.967998
45.935873,-129.968003
45.935728,-129.968012
45.935583,-129.967997
45.935440,-129.968012
45.935270,-129.968037
45.935120,-129.968047
45.934965,-129.968077
45.934812,-129.968058
45.934647,-129.968087
45.934485,-129.968072
45.934322,-129.968117
45.934182,-129.968167
45.934075,-129.968250
45.933943,-129.968348
45.933818,-129.968458
45.933675,-129.968538
45.933528,-129.968617
45.933372,-129.968672
45.933217,-129.968795
45.933092,-129.968890
45.932945,-129.968997
45.932835,-129.969072
45.932712,-129.969160
45.932568,-129.969270
45.932440,-129.969382
45.932310,-129.969507
45.932170,-129.969635
45.932027,-129.969748
45.931867,-129.969832
45.931718,-129.969935
45.931572,-129.970018
45.931452,-129.970125
45.931342,-129.970228
45.931223,-129.970348
45.931097,-129.970477
45.930982,-129.970673
45.930842,-129.970820
45.930710,-129.971003
45.930567,-129.971153
45.930383,-129.971312
45.930222,-129.971473
45.930183,-129.971468
45.930203,-129.971507
45.930073,-129.971642
45.929953,-129.971772
45.929832,-129.971895
45.929703,-129.972028
45.929570,-129.972157
45.929445,-129.972272
45.929308,-129.972388
45.929177,-129.972545
45.929052,-129.972677
45.928910,-129.972800
45.928788,-129.972883
45.928633,-129.972963
45.928483,-129.973077
45.928343,-129.973180
45.928213,-129.973277
45.928102,-129.973413
45.927975,-129.973572
45.927863,-129.973737
45.927762,-129.973922
45.927640,-129.974090
45.927538,-129.974253
45.927408,-129.974423
45.927308,-129.974562
45.927233,-129.974687
45.927123,-129.974878
45.927037,-129.975040
45.926942,-129.975238
45.926902,-129.975362
45.926832,-129.975468
45.926717,-129.975620
45.926622,-129.975808
45.926570,-129.975977
45.926570,-129.976005
45.926528,-129.976123
45.926448,-129.976343
45.926360,-129.976492
45.926277,-129.976633
45.926172,-129.976862
45.926060,-129.977133
45.925925,-129.977432
45.925848,-129.977621
45.925807,-129.977697
45.925841,-129.977609
45.941273,-129.969737
45.941395,-129.969738
45.941558,-129.969707
45.941608,-129.970145
45.941877,-129.970770
45.942198,-129.971348
45.942507,-129.971950
45.942782,-129.972537
45.943098,-129.973123
45.943238,-129.973443
45.943403,-129.973838
45.943697,-129.974630
45.943938,-129.975258
45.944065,-129.975577
45.944192,-129.976453
45.944265,-129.976983
45.944162,-129.977397
45.944103,-129.978417
45.943997,-129.978985
45.943983,-129.979140
45.943782,-129.980008
45.943617,-129.980822
45.943608,-129.980840
45.943488,-129.981553
45.943342,-129.982428
45.943300,-129.982713
45.943148,-129.983505
45.942892,-129.984377
45.942728,-129.984692
45.942577,-129.985168
45.942092,-129.985708
45.941798,-129.986290
45.941568,-129.986750
45.941527,-129.986840
45.941242,-129.987440
45.941033,-129.988055
45.940632,-129.988913
45.940293,-129.989572
45.940187,-129.989882
45.940095,-129.990342
45.939863,-129.991165
45.939697,-129.991912
45.939692,-129.991988
45.939848,-129.992723
45.940022,-129.993430
45.940193,-129.994100
45.940388,-129.994850
45.940552,-129.995412
45.940697,-129.995578
45.941035,-129.996167
45.941268,-129.996690
45.941623,-129.997118
45.941962,-129.997648
45.942335,-129.998268
45.942798,-129.999028
45.943227,-129.999707
45.943648,-130.000415
45.944085,-130.001118
45.944525,-130.001873
45.944982,-130.002568
45.945083,-130.002673
45.945167,-130.002817
45.945462,-130.003195
45.945973,-130.003897
45.946403,-130.004392
45.946447,-130.004463
45.946897,-130.004605
45.947438,-130.004857
45.947900,-130.005027
45.948538,-130.005237
45.948548,-130.005252
45.949032,-130.005577
45.949530,-130.005828
45.949967,-130.006028
45.950407,-130.006297
45.950802,-130.006528
45.951297,-130.006892
45.951635,-130.007113
45.951937,-130.007327
45.952308,-130.007515
45.952747,-130.007822
45.953028,-130.007933
45.953263,-130.008160
45.953608,-130.008332
45.953993,-130.008650
45.954358,-130.008788
45.954652,-130.009017
45.954788,-130.009082
45.954903,-130.009173
45.954938,-130.009157
45.954850,-130.008895
45.954922,-130.008879
44.369353,-124.954108
44.369386,-124.953624
44.369386,-124.953624
44.369461,-124.953632
44.369353,-124.954108
44.369404,-124.953865
44.369353,-124.954108
44.369257,-124.954627
44.369122,-124.955120
44.363650,-124.961983
44.363718,-124.961928
44.363753,-124.961875
44.363897,-124.961715
44.363913,-124.961693
44.363932,-124.961657
44.364027,-124.961542
44.364157,-124.961427
44.364235,-124.961283
44.364227,-124.961270
44.364518,-124.960932
44.364558,-124.960840
44.364632,-124.960683
44.364652,-124.960672
44.364653,-124.960677
44.364703,-124.960567
44.364763,-124.960487
44.364787,-124.960453
44.364792,-124.960427
44.364892,-124.960262
44.364907,-124.960227
44.364933,-124.960215
44.365005,-124.960112
44.365063,-124.960025
44.365140,-124.959912
44.365163,-124.959897
44.365158,-124.959882
44.365162,-124.959865
44.365172,-124.959867
44.365193,-124.959828
44.365240,-124.959762
44.365263,-124.959733
44.365297,-124.959682
44.365578,-124.959245
44.365663,-124.959122
44.365892,-124.958787
44.365963,-124.958692
44.366007,-124.958625
44.366098,-124.958502
44.366143,-124.958452
44.366212,-124.958343
44.366342,-124.958167
44.366413,-124.958032
44.366455,-124.957983
44.366487,-124.957922
44.366508,-124.957917
44.366577,-124.957818
44.366658,-124.957693
44.366665,-124.957693
44.366815,-124.957497
44.366845,-124.957505
44.366860,-124.957420
44.366875,-124.957425
44.366867,-124.957407
44.367027,-124.957173
44.367025,-124.957122
44.367025,-124.957122
44.367098,-124.957027
44.367167,-124.956960
44.367227,-124.956877
44.367238,-124.956858
44.367237,-124.956840
44.367252,-124.956818
44.367268,-124.956793
44.367313,-124.956743
44.367323,-124.956753
44.367327,-124.956765
44.367402,-124.956683
44.367425,-124.956633
44.367442,-124.956622
44.367450,-124.956592
44.367463,-124.956558
44.367513,-124.956470
44.367513,-124.956470
44.367658,-124.956227
44.367683,-124.956187
44.367723,-124.956082
44.367732,-124.956072
44.367898,-124.955853
44.367988,-124.955752
44.368130,-124.955515
44.368183,-124.955453
44.368168,-124.955417
44.368288,-124.955313
44.368285,-124.955308
44.368293,-124.955300
44.368308,-124.955293
44.368298,-124.955267
44.368482,-124.955062
44.368482,-124.955062
44.368533,-124.954982
44.368583,-124.954902
44.368630,-124.954850
44.368643,-124.954840
44.368697,-124.954762
44.368738,-124.954728
44.368763,-124.954670
44.368782,-124.954663
44.368842,-124.954537
44.368862,-124.954503
44.368922,-124.954412
44.368958,-124.954337
44.368985,-124.954298
44.368997,-124.954287
44.369002,-124.954278
44.369107,-124.954132
44.369353,-124.954108
44.637304,-124.305619
44.637194,-124.305837
44.637304,-124.305619
44.637392,-124.305517
44.637194,-124.305837
44.637138,-124.305872
44.637304,-124.305619
44.637186,-124.305493
44.569181,-125.148070
44.569191,-125.148025
44.569157,-125.147900
44.569160,-125.147912
44.569181,-125.148070
44.569376,-125.147974
44.569487,-125.147426
44.569590,-125.146930
44.569762,-125.146910
44.569840,-125.146777
44.569191,-125.148025
44.569240,-125.148060
44.569191,-125.148025
44.569144,-125.147989
44.572981,-125.152497
44.573029,-125.152499
44.569170,-125.147895
44.569157,-125.147900
44.569191,-125.148025
44.568992,-125.147642
44.568767,-125.147255
44.568525,-125.146793
44.568323,-125.146403
44.568028,-125.145885
44.567840,-125.145522
44.567662,-125.145273
44.567465,-125.144758
44.567362,-125.144452
44.567380,-125.144275
44.567376,-125.144254
44.569191,-125.148025
44.569447,-125.148487
44.569530,-125.148562
44.569648,-125.148695
44.569752,-125.148822
44.570173,-125.149253
44.570472,-125.149672
44.570802,-125.150047
44.571045,-125.150385
44.571418,-125.150732
44.571697,-125.151093
44.571972,-125.151403
44.572245,-125.151808
44.572495,-125.152023
44.572707,-125.152303
44.572981,-125.152497
44.569191,-125.148025
44.569628,-125.147898
44.569792,-125.147843
44.569923,-125.147827
44.570002,-125.147777
44.570218,-125.147713
44.570217,-125.147708
44.570235,-125.147728
44.570287,-125.147695
44.570307,-125.147680
44.570362,-125.147630
44.570393,-125.147583
44.570498,-125.147535
44.570582,-125.147427
44.570657,-125.147332
44.570717,-125.147267
44.570722,-125.147248
44.570772,-125.147185
44.570792,-125.147143
44.570852,-125.147098
44.570908,-125.147028
44.570968,-125.146942
44.570978,-125.146930
44.571020,-125.146867
44.571087,-125.146768
44.571135,-125.146715
44.571193,-125.146593
44.571243,-125.146542
44.571287,-125.146477
44.571303,-125.146458
44.571348,-125.146400
44.571397,-125.146325
44.571452,-125.146248
44.571517,-125.146153
44.571598,-125.146053
44.571655,-125.145947
44.571678,-125.145927
44.571727,-125.145850
44.571803,-125.145757
44.571873,-125.145658
44.572008,-125.145488
44.572087,-125.145357
44.572130,-125.145292
44.572208,-125.145193
44.572270,-125.145113
44.572313,-125.145047
44.572345,-125.144955
44.572443,-125.144858
44.572515,-125.144753
44.572547,-125.144702
44.572598,-125.144628
44.572668,-125.144548
44.572702,-125.144503
44.572788,-125.144392
44.572812,-125.144328
44.572898,-125.144223
44.572917,-125.144178
44.572973,-125.144117
44.572988,-125.144075
44.573048,-125.144007
44.573063,-125.143978
44.573082,-125.143930
44.573102,-125.143898
44.573143,-125.143866
44.569191,-125.148025
44.569170,-125.147895
44.573143,-125.143866
44.573195,-125.143917
44.567376,-125.144254
44.567403,-125.144202
44.569840,-125.146777
44.569998,-125.146713
44.569840,-125.146777
44.569828,-125.147016
44.509791,-125.405258
44.509780,-125.405231
44.509568,-125.398242
44.509668,-125.398456
44.509638,-125.398528
44.509623,-125.398563
44.509612,-125.398693
44.509603,-125.398805
44.509588,-125.398937
44.509593,-125.399072
44.509600,-125.399237
44.509608,-125.399408
44.509618,-125.399582
44.509623,-125.399753
44.509620,-125.399908
44.509613,-125.400033
44.509615,-125.400232
44.509593,-125.400438
44.509565,-125.400468
44.509582,-125.400382
44.509588,-125.400502
44.509595,-125.400628
44.509592,-125.400805
44.509603,-125.400923
44.509597,-125.401083
44.509597,-125.401218
44.509587,-125.401333
44.509578,-125.401482
44.509577,-125.401657
44.509563,-125.401807
44.509580,-125.401952
44.509587,-125.402037
44.509590,-125.402197
44.509592,-125.402318
44.509585,-125.402472
44.509588,-125.402633
44.509593,-125.402747
44.509587,-125.402895
44.509605,-125.403042
44.509602,-125.403207
44.509617,-125.403383
44.509622,-125.403568
44.509645,-125.403777
44.509653,-125.403990
44.509645,-125.404150
44.509622,-125.404372
44.509612,-125.404628
44.509598,-125.404967
44.509532,-125.405247
44.509539,-125.405287
44.509584,-125.405370
44.509686,-125.405137
44.509720,-125.405161
44.509568,-125.398242
44.509833,-125.398010
44.510140,-125.397575
44.510795,-125.396580
44.511275,-125.395800
44.511868,-125.394960
44.512628,-125.393822
44.513308,-125.392742
44.514037,-125.391662
44.514627,-125.390573
44.515148,-125.389916
44.515169,-125.389934
44.515240,-125.389949
44.515182,-125.389997
44.515240,-125.389949
44.515055,-125.390015
44.515169,-125.389934
44.515240,-125.389949
44.515169,-125.389934
44.515654,-125.389708
44.515240,-125.389949
44.515133,-125.389493
44.515238,-125.389112
44.515537,-125.388390
44.515778,-125.387757
44.515858,-125.387488
44.516018,-125.387108
44.516272,-125.386283
44.516513,-125.385843
44.516533,-125.385758
44.516788,-125.385072
44.517022,-125.384387
44.517143,-125.384088
44.517253,-125.383837
44.517697,-125.383567
44.518140,-125.383388
44.518628,-125.382942
44.518653,-125.382860
44.519077,-125.382758
44.519475,-125.382502
44.519922,-125.382207
44.520297,-125.381953
44.520408,-125.381860
44.520603,-125.381742
44.520912,-125.381640
44.521108,-125.381432
44.521228,-125.381425
44.521592,-125.381145
44.521678,-125.381113
44.521888,-125.380992
44.522158,-125.380838
44.522438,-125.380598
44.522468,-125.380550
44.522487,-125.380537
44.522193,-125.380139
44.515169,-125.389934
44.515302,-125.389768
44.515508,-125.389410
44.515643,-125.389147
44.515883,-125.388773
44.516080,-125.388428
44.516203,-125.388230
44.516593,-125.387477
44.517038,-125.386805
44.517387,-125.386037
44.517717,-125.385473
44.518092,-125.384833
44.518607,-125.384733
44.519137,-125.384375
44.519692,-125.384070
44.520263,-125.383750
44.520948,-125.383490
44.521517,-125.383083
44.522013,-125.382812
44.522500,-125.382690
44.522967,-125.382438
44.523408,-125.382202
44.523757,-125.381947
44.524123,-125.381830
44.524443,-125.381558
44.524843,-125.381370
44.525173,-125.381322
44.525508,-125.381033
44.525928,-125.380843
44.526323,-125.380625
44.526658,-125.380448
44.527130,-125.380225
44.527435,-125.379947
44.527080,-125.380300
44.527512,-125.380619
44.509720,-125.405161
44.509700,-125.405236
44.509720,-125.405161
44.509789,-125.405284
44.509720,-125.405161
44.509721,-125.405238
44.509789,-125.405284
44.509791,-125.405258
45.933738,-130.013899
45.933638,-130.013897
45.933738,-130.013899
45.933767,-130.013788
45.933738,-130.013899
45.933599,-130.013557
44.369353,-124.954108
44.369290,-124.954010
44.368910,-124.953420
44.368840,-124.953370
44.368810,-124.953390
44.368800,-124.953410
44.368620,-124.953100
44.368228,-124.952795
44.569840,-125.146777
44.570078,-125.147041
44.569840,-125.146777
44.570001,-125.146740
44.569840,-125.146777
44.569793,-125.146707